POS,Player,Mat,Inns,NO,Runs,HS,Avg,BF,SR,100,50,4s,6s
1,Virat Kohli,16,16,4,973,113,81.08,640,152.03,4,7,83,38
2,David Warner,17,17,3,848,93*,60.57,560,151.42,0,9,88,31
3,AB de Villiers,16,16,3,687,129*,52.84,407,168.79,1,6,57,37
4,Shikhar Dhawan,17,17,4,501,82*,38.53,429,116.78,0,4,51,8
5,Gautam Gambhir,15,15,2,501,90*,38.53,411,121.89,0,5,54,6
6,Rohit Sharma,14,14,3,489,85*,44.45,368,132.88,0,5,49,16
7,Ajinkya Rahane,14,14,3,480,74,43.63,379,126.64,0,6,54,9
8,Murali Vijay,14,14,1,453,89,34.84,364,124.45,0,5,50,10
9,Quinton de Kock,13,13,1,445,108,37.08,327,136.08,1,3,52,13
10,Suresh Raina,15,15,1,399,75,28.5,312,127.88,0,3,39,10
11,KL Rahul,14,12,3,397,68*,44.11,271,146.49,0,4,37,16
12,Robin Uthappa,15,15,0,394,72,26.26,289,136.33,0,3,45,8
13,Aaron Finch,13,12,2,393,74,39.3,299,131.43,0,5,45,11
14,Yusuf Pathan,15,13,8,361,63*,72.2,248,145.56,0,3,33,13
15,Karun Nair,14,12,2,357,83*,35.7,297,120.2,0,3,40,6
16,Brendon McCullum,16,16,0,354,60,22.12,262,135.11,0,1,38,16
17,Dinesh Karthik,16,15,2,335,53,25.76,266,125.93,0,3,38,3
18,Ambati Rayudu,13,12,1,334,65,30.36,278,120.14,0,2,28,12
19,Dwayne Smith,12,12,1,324,73,29.45,221,146.6,0,3,35,16
20,Sanju Samson,14,14,3,291,60,26.45,259,112.35,0,1,20,8
21,MS Dhoni,14,12,5,284,64*,40.57,210,135.23,0,1,18,14
22,Steve Smith,8,7,1,270,101,45,176,153.4,1,0,27,8
23,Wriddhiman Saha,12,12,1,270,56,24.54,212,127.35,0,2,29,1
24,Jos Buttler,14,14,3,255,41,23.18,184,138.58,0,0,23,11
25,Manish Pandey,12,11,3,248,52,31,183,135.51,0,2,17,9
26,Krunal Pandya,12,9,3,237,86,39.5,124,191.12,0,1,22,13
27,Yuvraj Singh,10,10,1,236,44,26.22,179,131.84,0,0,22,13
28,Chris Gayle,10,10,0,227,76,22.7,150,151.33,0,2,17,21
29,Kieron Pollard,13,12,4,207,51*,25.87,144,143.75,0,1,11,16
30,Faf du Plessis,6,6,0,206,69,34.33,162,127.16,0,2,17,9
31,Rishabh Pant,10,10,2,198,69,24.75,152,130.26,0,1,19,6
32,Chris Morris,12,7,4,195,82*,65,109,178.89,0,1,15,12
33,JP Duminy,10,8,3,191,49*,38.2,156,122.43,0,0,13,3
34,Ravindra Jadeja,15,15,6,191,36*,21.22,178,107.3,0,0,14,4
35,Andre Russell,12,8,1,188,39*,26.85,114,164.91,0,0,10,15
36,Moises Henriques,17,15,3,182,31*,15.16,158,115.18,0,0,15,6
37,Suryakumar Yadav,15,11,4,182,60,26,143,127.27,0,1,18,5
38,Shane Watson,16,15,2,179,36,13.76,134,133.58,0,0,14,12
39,Glenn Maxwell,11,11,2,179,68,19.88,124,144.35,0,2,14,8
40,Parthiv Patel,10,10,0,177,81,17.7,152,116.44,0,1,23,4
41,Saurabh Tiwary,10,7,0,170,57,24.28,141,120.56,0,2,17,4
42,Manan Vohra,7,7,0,161,51,23,131,122.9,0,1,19,3
43,David Miller,14,13,3,161,31,16.1,131,122.9,0,0,11,4
44,Shaun Marsh,6,6,1,159,56*,31.8,134,118.65,0,1,13,4
45,Hashim Amla,6,6,0,157,96,26.16,119,131.93,0,1,20,4
46,Thisara Perera,12,10,3,150,34,21.42,93,161.29,0,0,7,11
47,Marcus Stoinis,7,5,1,146,52,36.5,108,135.18,0,1,13,4
48,Deepak Hooda,17,15,1,144,34,10.28,121,119,0,0,9,5
49,Naman Ojha,17,13,3,136,37,13.6,138,98.55,0,0,7,5
50,Usman Khawaja,6,6,0,127,30,21.16,100,127,0,0,14,3
51,Kane Williamson,6,6,0,124,50,20.66,122,101.63,0,1,14,0
52,Eoin Morgan,7,6,1,123,51,24.6,105,117.14,0,1,8,4
53,Sachin Baby,11,6,1,119,33,23.8,79,150.63,0,0,9,5
54,Shakib Al Hasan,10,7,2,114,66*,22.8,106,107.54,0,1,7,5
55,Gurkeerat Mann Singh,7,6,1,113,51,22.6,86,131.39,0,1,11,3
56,Axar Patel,14,10,3,111,36*,15.85,77,144.15,0,0,4,8
57,Nitish Rana,4,3,0,104,70,34.66,75,138.66,0,1,7,8
58,Dwayne Bravo,15,13,5,99,22*,12.37,82,120.73,0,0,11,1
59,Harbhajan Singh,14,7,4,92,45*,30.66,84,109.52,0,0,11,2
60,Sam Billings,5,4,0,88,54,22,64,137.5,0,1,4,4
61,George Bailey,6,5,1,84,34,21,98,85.71,0,0,9,2
62,Carlos Brathwaite,8,6,0,83,34,13.83,38,218.42,0,0,6,8
63,James Faulkner,7,5,2,77,32,25.66,59,130.5,0,0,7,0
64,Kevin Pietersen,4,4,2,73,37,36.5,61,119.67,0,0,4,3
65,Sarfaraz Khan,5,4,2,66,35*,33,31,212.9,0,0,7,4
66,Ben Cutting,4,4,2,65,39*,32.5,34,191.17,0,0,4,6
67,Stuart Binny,14,6,3,63,21,21,39,161.53,0,0,5,4
68,Pawan Negi,8,6,4,57,19*,28.5,59,96.61,0,0,2,3
69,Martin Guptill,3,3,0,57,48,19,55,103.63,0,0,3,3
70,Travis Head,3,3,1,54,37,27,40,135,0,0,3,2
71,Bipul Sharma,7,4,2,51,27*,25.5,25,204,0,0,1,5
72,Ashish Reddy,4,3,1,47,32,23.5,29,162.06,0,0,2,4
73,Hardik Pandya,11,9,2,44,9,6.28,63,69.84,0,0,4,0
74,Bhuvneshwar Kumar,17,8,2,43,21,7.16,27,159.25,0,0,6,1
75,Kedar Jadhav,4,3,3,42,25*,0,32,131.25,0,0,2,2
76,Ishan Kishan,5,5,0,42,27,8.4,41,102.43,0,0,5,0
77,Ravichandran Ashwin,14,6,4,41,29,20.5,38,107.89,0,0,3,1
78,Iqbal Abdulla,8,2,2,37,33*,0,27,137.03,0,0,4,1
79,Karn Sharma,5,3,3,36,26*,0,30,120,0,0,3,1
80,Rajat Bhatia,10,6,5,34,21,34,20,170,0,0,1,2
81,Mitchell McClenaghan,14,5,2,34,20,11.33,23,147.82,0,0,2,3
82,Mohit Sharma,14,6,2,32,15,8,26,123.07,0,0,3,1
83,Colin Munro,4,3,0,30,16,10,30,100,0,0,3,0
84,Tim Southee,11,4,1,30,25,10,19,157.89,0,0,1,2
85,Shreyas Iyer,6,6,0,30,19,5,43,69.76,0,0,2,1
86,Praveen Kumar,16,7,3,28,15,7,27,103.7,0,0,4,0
87,Mayank Agarwal,3,3,0,27,10,9,25,108,0,0,3,1
88,Piyush Chawla,12,3,0,27,11,9,26,103.84,0,0,4,0
89,Chris Lynn,2,2,1,25,15,25,22,113.63,0,0,0,1
90,Eklavya Dwivedi,4,2,0,24,19,12,14,171.42,0,0,2,2
91,Rajagopal Sathish,4,3,0,24,10,8,24,100,0,0,1,1
92,Dhawal Kulkarni,14,5,3,23,6*,11.5,15,153.33,0,0,2,0
93,Nikhil Naik,2,2,0,23,22,11.5,31,74.19,0,0,1,0
94,Jason Holder,4,4,0,22,13,5.5,19,115.78,0,0,2,1
95,Akshdeep Nath,4,3,0,20,12,6.66,27,74.07,0,0,1,0
96,Pradeep Sahu,5,2,1,19,18*,19,13,146.15,0,0,1,1
97,Albie Morkel,2,1,0,16,16,16,9,177.77,0,0,0,2
98,Rishi Dhawan,2,2,2,14,11*,0,6,233.33,0,0,0,1
99,Farhaan Behardien,3,3,1,14,9*,7,13,107.69,0,0,2,0
100,Vinay Kumar,3,2,1,13,12,13,12,108.33,0,0,0,1
101,Kyle Abbott,5,3,2,13,12*,13,8,162.5,0,0,0,1
102,KC Cariappa,5,2,1,13,12*,13,11,118.18,0,0,0,1
103,Irfan Pathan,4,3,0,11,7,3.66,13,84.61,0,0,0,0
104,Parveez Rasool,4,1,0,10,10,10,9,111.11,0,0,1,0
105,Nathan Coulter-Nile,4,2,2,9,7*,0,14,64.28,0,0,1,0
106,Umesh Yadav,9,2,1,9,7*,9,5,180,0,0,0,1
107,Jasprit Bumrah,14,2,1,8,6,8,11,72.72,0,0,1,0
108,Lendl Simmons,1,1,0,8,8,8,8,100,0,0,0,1
109,Aditya Tare,3,2,0,8,8,4,15,53.33,0,0,1,0
110,Sandeep Sharma,14,4,4,8,5*,0,9,88.88,0,0,0,0
111,Mitchell Marsh,3,1,0,7,7,7,11,63.63,0,0,0,0
112,Pravin Tambe,7,1,1,7,7*,0,19,36.84,0,0,1,0
113,Sunil Narine,11,4,3,7,4,7,13,53.84,0,0,0,0
114,Jayant Yadav,5,2,0,6,5,3,10,60,0,0,0,0
115,Peter Handscomb,2,1,0,6,6,6,12,50,0,0,0,0
116,Zaheer Khan,12,2,0,6,4,3,13,46.15,0,0,1,0
117,David Wiese,1,1,1,5,5*,0,4,125,0,0,0,0
118,Imran Tahir,4,1,0,5,5,5,7,71.42,0,0,1,0
119,Mitchell Johnson,3,3,1,5,4,2.5,14,35.71,0,0,0,0
120,Barinder Sran,14,4,4,4,2*,0,4,100,0,0,0,0
121,Amit Mishra,14,2,0,4,3,2,14,28.57,0,0,0,0
122,Ankit Sharma,3,1,1,3,3*,0,3,100,0,0,0,0
123,Chris Jordan,9,1,0,3,3,3,4,75,0,0,0,0
124,Shreyas Gopal,1,1,0,2,2,2,16,12.5,0,0,0,0
125,Mohammad Shami,8,2,2,2,2*,0,4,50,0,0,0,0
126,Ashish Nehra,8,2,2,1,1*,0,1,100,0,0,0,0
127,Shadab Jakati,6,1,1,1,1*,0,2,50,0,0,0,0
128,Morne Morkel,10,2,2,1,1*,0,1,100,0,0,0,0
129,Kane Richardson,4,1,1,1,1*,0,1,100,0,0,0,0
130,Dale Steyn,1,1,0,1,1,1,2,50,0,0,0,0
131,Shahbaz Nadeem,4,1,1,1,1*,0,5,20,0,0,0,0
132,Murugan Ashwin,10,1,0,0,0*,0,1,0,0,0,0,0
133,Shivil Kaushik,7,2,1,0,0*,0,1,0,0,0,0,0
134,Swapnil Singh,1,1,0,0,0*,0,1,0,0,0,0,0
135,Adam Zampa,5,1,0,0,0*,0,1,0,0,0,0,0
136,Unmukt Chand,1,1,0,0,0*,0,4,0,0,0,0,0
1,Sachin Tendulkar,15,15,2,618,89*,47.53,466,132.61,0,5,86,3
2,Jacques Kallis,16,16,4,572,89*,47.66,494,115.78,0,6,67,9
3,Suresh Raina,16,16,5,520,83*,47.27,364,142.85,0,4,45,22
4,Sourav Ganguly,14,14,1,493,88,37.92,419,117.66,0,4,58,15
5,Murali Vijay,15,15,2,458,127,35.23,292,156.84,1,2,36,26
6,Mahela Jayawardena,13,13,3,439,110*,43.9,298,147.31,1,1,55,11
7,Andrew Symonds,16,16,2,429,54,30.64,341,125.8,0,4,35,18
8,Saurabh Tiwary,16,15,1,419,61,29.92,309,135.59,0,3,29,18
9,Rohit Sharma,16,16,2,404,73,28.85,302,133.77,0,3,36,14
10,Naman Ojha,14,14,2,377,94*,31.41,285,132.28,0,2,42,15
11,Robin Uthappa,16,14,2,374,68*,31.16,218,171.55,0,3,21,27
12,Kumar Sangakkara,13,12,0,357,56,29.75,257,138.91,0,2,47,5
13,Ambati Rayudu,14,14,1,356,55*,27.38,246,144.71,0,2,34,13
14,Subramaniam Badrinath,16,15,4,356,55*,32.36,303,117.49,0,2,41,5
15,Virender Sehwag,14,14,0,356,75,25.42,218,163.3,0,3,47,14
16,Matthew Hayden,16,16,0,346,93,21.62,279,124.01,0,1,37,16
17,Yusuf Pathan,14,14,2,333,100,27.75,201,165.67,1,1,22,24
18,Tirumalasetti Suman,14,14,5,307,78*,34.11,257,119.45,0,2,23,12
19,Virat Kohli,16,13,2,307,58,27.9,212,144.81,0,1,26,12
20,Chris Gayle,9,9,0,292,88,32.44,184,158.69,0,2,30,16
21,Adam Gilchrist,16,16,0,289,54,18.06,185,156.21,0,1,31,16
22,MS Dhoni,13,11,2,287,66*,31.88,210,136.66,0,2,26,8
23,David Warner,11,11,1,282,107*,28.2,191,147.64,1,1,27,14
24,Michael Lumb,11,11,0,278,83,25.27,192,144.79,0,1,45,6
25,Dinesh Karthik,14,14,1,278,69,21.38,237,117.29,0,1,26,6
26,Gautam Gambhir,11,10,1,277,72,30.77,217,127.64,0,2,32,2
27,Irfan Pathan,14,13,5,276,60,34.5,186,148.38,0,1,21,10
28,Kieron Pollard,14,14,2,273,45*,22.75,147,185.71,0,0,23,17
29,Herschelle Gibbs,10,10,0,267,50,26.7,235,113.61,0,1,26,9
30,Rahul Dravid,16,11,2,256,52,28.44,199,128.64,0,1,34,3
31,Yuvraj Singh,14,14,2,255,43,21.25,199,128.14,0,0,20,14
32,Manish Pandey,13,13,1,249,42*,20.75,226,110.17,0,0,27,7
33,Ravi Bopara,10,9,1,248,77,31,214,115.88,0,2,25,3
34,Manoj Tiwary,13,11,2,237,75*,26.33,186,127.41,0,2,23,5
35,Kevin Pietersen,7,7,3,236,66*,59,157,150.31,0,2,23,8
36,Angelo Mathews,14,11,4,233,65*,33.28,184,126.63,0,1,18,8
37,Manvinder Bisla,10,10,0,218,75,21.8,178,122.47,0,1,27,6
38,Paul Collingwood,8,7,2,203,75*,40.6,156,130.12,0,3,9,13
39,Albie Morkel,14,11,3,198,62,24.75,131,151.14,0,1,10,13
40,Shikhar Dhawan,10,10,0,191,56,19.1,170,112.35,0,2,23,3
41,Shane Watson,6,5,0,185,60,37,114,162.28,0,2,18,9
42,Abhishek Jhunjhunwala,13,11,2,183,53*,20.33,166,110.24,0,1,16,4
43,Adam Voges,9,7,3,181,45*,45.25,143,126.57,0,0,15,3
44,Mohnish Mishra,11,11,0,166,41,15.09,144,115.27,0,0,18,6
45,Faiz Fazal,10,9,1,164,45,20.5,154,106.49,0,0,19,1
46,JP Duminy,7,7,2,157,42*,31.4,131,119.84,0,0,13,5
47,Mithun Manhas,9,8,4,157,32*,39.25,149,105.36,0,0,14,0
48,Shaun Marsh,4,4,1,147,88*,49,114,128.94,0,2,14,6
49,Cheteshwar Pujara,10,6,2,122,45*,30.5,115,106.08,0,0,14,3
50,Owais Shah,5,5,3,115,58*,57.5,95,121.05,0,1,7,5
51,Brendon McCullum,5,5,1,114,57*,28.5,110,103.63,0,1,14,2
52,Rajagopal Sathish,12,11,4,112,24,16,96,116.66,0,0,11,0
53,AB de Villiers,7,7,0,111,45,15.85,119,93.27,0,0,7,0
54,Paras Dogra,9,8,0,107,41,13.37,106,100.94,0,0,4,5
55,Harbhajan Singh,15,7,3,105,49*,26.25,63,166.66,0,0,12,5
56,Brad Hodge,4,4,0,99,50,24.75,90,110,0,1,11,1
57,David Hussey,6,6,2,94,31,23.5,86,109.3,0,0,5,5
58,Ross Taylor,7,7,3,88,31*,22,75,117.33,0,0,2,6
59,Kedar Jadhav,5,5,2,76,50*,25.33,56,135.71,0,1,7,2
60,Parthiv Patel,4,4,0,72,57,18,79,91.13,0,1,6,2
61,Wriddhiman Saha,13,7,4,67,22,22.33,53,126.41,0,0,9,1
62,Ryan McLaren,10,7,4,66,40,22,69,95.65,0,0,7,0
63,Andrew McDonald,4,3,3,65,33*,0,52,125,0,0,3,2
64,VVS Laxman,6,6,1,64,22,12.8,60,106.66,0,0,7,1
65,Anirudh Singh,5,4,0,63,40,15.75,66,95.45,0,0,6,1
66,Piyush Chawla,14,6,1,62,22,12.4,60,103.33,0,0,7,0
67,Dwayne Bravo,10,8,1,61,23,8.71,53,115.09,0,0,3,4
68,Abhishek Nayar,3,3,1,58,27,29,51,113.72,0,0,4,2
69,Abhishek Raut,6,5,3,56,32*,28,48,116.66,0,0,3,3
70,Aditya Tare,7,4,0,50,23,12.5,36,138.88,0,0,5,3
71,Cameron White,7,5,3,48,21*,24,33,145.45,0,0,3,3
72,Ryan Harris,8,5,1,45,15,11.25,39,115.38,0,0,2,2
73,Graeme Smith,2,2,0,44,26,22,39,112.82,0,0,7,0
74,Tillakaratne Dilshan,6,6,0,44,17,7.33,53,83.01,0,0,6,0
75,Adrian Barath,3,3,1,42,33,21,42,100,0,0,5,1
76,Ajit Agarkar,7,4,3,40,17,40,29,137.93,0,0,4,0
77,Amit Mishra,14,7,3,39,12,9.75,51,76.47,0,0,1,0
78,Michael Hussey,3,3,1,37,15,18.5,44,84.09,0,0,2,0
79,Laxmi Ratan Shukla,4,2,0,36,19,18,26,138.46,0,0,3,2
80,Eoin Morgan,6,4,1,35,17,11.66,30,116.66,0,0,2,1
81,Bodapati Sumanth,5,4,3,35,16,35,37,94.59,0,0,3,0
82,Aditya Dole,3,2,0,34,30,17,22,154.54,0,0,3,1
83,Venugopal Rao,6,5,1,34,24,8.5,43,79.06,0,0,3,1
84,Daniel Vettori,3,3,2,33,19*,33,27,122.22,0,0,4,0
85,Sanath Jayasuriya,4,4,0,33,23,8.25,31,106.45,0,0,4,1
86,MF Maharoof,7,4,1,31,28,10.33,23,134.78,0,0,2,2
87,Chaminda Vaas,6,5,1,30,16,7.5,34,88.23,0,0,1,1
88,Ravichandran Ashwin,12,6,2,30,11*,7.5,40,75,0,0,2,0
89,Rahul Sharma,6,4,1,29,14*,9.66,26,111.53,0,0,3,1
90,Mitchell Marsh,3,2,0,28,15,14,30,93.33,0,0,1,1
91,Mohammad Kaif,4,3,0,28,14,9.33,30,93.33,0,0,2,0
92,Vinay Kumar,14,5,1,27,10*,6.75,32,84.37,0,0,1,0
93,Sridharan Sriram,1,1,0,27,27,27,29,93.1,0,0,3,0
94,Shanthakumaran Sreesanth,6,3,3,27,15*,0,21,128.57,0,0,5,0
95,JM Kemp,5,2,0,26,22,13,24,108.33,0,0,1,1
96,Rajat Bhatia,5,3,0,24,21,8,17,141.17,0,0,1,2
97,Zaheer Khan,14,4,3,24,23*,24,13,184.61,0,0,3,1
98,Ashish Nehra,4,2,1,23,22*,23,20,115,0,0,2,1
99,Murali Kartik,10,2,0,22,21,11,22,100,0,0,2,0
100,Dwayne Smith,3,3,1,22,13*,11,25,88,0,0,1,1
101,Aaron Finch,1,1,0,21,21,21,21,100,0,0,0,1
102,Siddharth Trivedi,11,4,2,20,9,10,14,142.85,0,0,3,1
103,Damien Martyn,1,1,0,19,19,19,24,79.16,0,0,1,0
104,Karan Goel,6,2,1,18,17*,18,20,90,0,0,1,1
105,Lakshmipathy Balaji,7,3,1,18,15,9,20,90,0,0,1,1
106,George Bailey,1,1,0,18,18,18,27,66.66,0,0,2,0
107,Doug Bollinger,8,2,2,18,16*,0,17,105.88,0,0,1,1
108,Chandan Madan,1,1,0,15,15,15,19,78.94,0,0,3,0
109,Sumit Narwal,5,3,1,14,12,7,12,116.66,0,0,2,0
110,Mark Boucher,5,2,1,13,11*,13,10,130,0,0,0,1
111,Dale Steyn,15,4,0,13,8,3.25,17,76.47,0,0,2,0
112,Shaun Tait,8,2,1,12,11,12,13,92.3,0,0,0,1
113,Dimitri Mascarenhas,2,2,1,12,9*,12,10,120,0,0,0,0
114,Brett Lee,4,3,2,11,7*,11,9,122.22,0,0,1,0
115,Moises Henriques,1,1,0,11,11,11,5,220,0,0,2,0
116,Kemar Roach,2,1,0,10,10,10,9,111.11,0,0,1,0
117,Shane Warne,14,7,2,10,4,2,19,52.63,0,0,0,0
118,Thilan Thushara,4,2,1,10,8,10,11,90.9,0,0,0,0
119,Pradeep Sangwan,8,2,1,10,6*,10,14,71.42,0,0,0,0
120,Bipul Sharma,5,2,2,9,8*,0,7,128.57,0,0,1,0
121,Morne Morkel,2,2,1,9,7*,9,16,56.25,0,0,1,0
122,RP Singh,12,5,3,9,4*,4.5,19,47.36,0,0,0,0
123,Jaskaran Singh,6,4,3,8,4*,8,11,72.72,0,0,0,0
124,Shreevats Goswami,1,1,0,8,8,8,10,80,0,0,2,0
125,Stuart Binny,1,1,0,8,8,8,5,160,0,0,1,0
126,Vikramjeet Malik,3,1,0,6,6,6,5,120,0,0,1,0
127,Ishant Sharma,7,2,1,6,6*,6,17,35.29,0,0,0,0
128,Anil Kumble,16,5,5,6,2*,0,11,54.54,0,0,0,0
129,Swapnil Asnodkar,2,2,0,5,5,2.5,4,125,0,0,1,0
130,Abhimanyu Mithun,1,1,0,5,5,5,4,125,0,0,1,0
131,Ramesh Powar,7,2,1,5,3,5,8,62.5,0,0,0,0
132,Amit Uniyal,2,2,1,4,4*,4,7,57.14,0,0,0,0
133,Reetinder Sodhi,3,1,1,4,4*,0,2,200,0,0,1,0
134,Munaf Patel,4,2,1,4,4*,4,5,80,0,0,0,0
135,Praveen Kumar,12,4,2,4,3*,2,8,50,0,0,0,0
136,Dirk Nannes,9,2,1,4,3,4,13,30.76,0,0,0,0
137,Arun Karthik,1,1,1,3,3*,0,5,60,0,0,0,0
138,Umesh Yadav,7,1,1,3,3*,0,4,75,0,0,0,0
139,Sudeep Tyagi,6,1,1,3,3*,0,4,75,0,0,0,0
140,Pragyan Ojha,16,6,3,3,2,1,8,37.5,0,0,0,0
141,KP Appanna,2,2,1,2,1*,2,3,66.66,0,0,0,0
142,Rohan Gavaskar,2,1,0,2,2,2,8,25,0,0,0,0
143,Juan Theron,7,2,0,2,2,1,5,40,0,0,0,0
144,Manpreet Gony,3,1,0,2,2,2,6,33.33,0,0,0,0
145,Dilhara Fernando,5,1,1,2,2*,0,2,100,0,0,0,0
146,Azhar Bilakhia,1,1,0,2,2,2,4,50,0,0,0,0
147,Pankaj Singh,2,1,0,1,1,1,2,50,0,0,0,0
148,Shalabh Srivastava,8,2,1,1,1*,1,2,50,0,0,0,0
149,Roelof van der Merwe,1,1,0,1,1,1,2,50,0,0,0,0
150,Shane Bond,8,1,0,1,1,1,2,50,0,0,0,0
1,Chris Gayle,12,12,3,608,107,67.55,332,183.13,2,3,57,44
2,Virat Kohli,16,16,4,557,71,46.41,460,121.08,0,4,55,16
3,Sachin Tendulkar,16,16,3,553,100*,42.53,488,113.31,1,2,67,5
4,Shaun Marsh,14,13,1,504,95,42,344,146.51,0,4,52,20
5,Michael Hussey,14,14,2,492,83*,41,414,118.84,0,4,53,6
6,Paul Valthaty,14,14,1,463,120*,35.61,338,136.98,1,2,56,20
7,Suresh Raina,16,16,2,438,73*,31.28,325,134.76,0,4,36,17
8,Murali Vijay,16,16,0,434,95,27.12,339,128.02,0,3,34,20
9,Virender Sehwag,11,11,0,424,119,38.54,240,176.66,1,2,51,18
10,Jacques Kallis,15,14,2,424,80*,35.33,378,112.16,0,4,46,6
11,Shikhar Dhawan,14,14,2,400,95*,33.33,310,129.03,0,2,47,7
12,Subramaniam Badrinath,16,13,6,396,71*,56.57,313,126.51,0,5,38,9
13,Ambati Rayudu,16,16,2,395,63*,28.21,350,112.85,0,4,44,9
14,MS Dhoni,16,13,4,392,70*,43.55,247,158.7,0,2,25,23
15,Adam Gilchrist,14,14,0,383,106,27.35,295,129.83,1,2,41,18
16,Gautam Gambhir,15,15,4,378,75*,34.36,317,119.24,0,2,44,3
17,Rohit Sharma,16,14,3,372,87,33.81,297,125.25,0,3,32,13
18,Manoj Tiwary,15,14,7,359,61*,51.28,325,110.46,0,1,26,14
19,Kumar Sangakkara,13,13,0,358,65,27.53,293,122.18,0,1,44,5
20,Brendon McCullum,13,13,0,357,81,27.46,275,129.81,0,1,35,16
21,Rahul Dravid,12,12,1,343,66,31.18,314,109.23,0,1,45,2
22,Yuvraj Singh,14,13,3,343,66*,34.3,261,131.41,0,2,24,18
23,Venugopal Rao,14,14,2,336,60,28,280,120,0,1,30,13
24,Shane Watson,11,11,1,330,89*,33,253,130.43,0,1,31,17
25,David Warner,13,13,0,324,77,24.92,276,117.39,0,3,34,11
26,AB de Villiers,16,13,4,312,65,34.66,243,128.39,0,2,21,14
27,Mahela Jayawardena,13,13,0,299,76,23,257,116.34,0,3,35,5
28,Jesse Ryder,13,13,0,292,60,22.46,197,148.22,0,2,37,11
29,Brad Hodge,14,14,6,285,51*,35.62,236,120.76,0,1,26,9
30,Yusuf Pathan,15,11,1,283,47*,28.3,201,140.79,0,0,24,13
31,Ravindra Jadeja,14,12,3,283,47,31.44,228,124.12,0,0,20,14
32,Dinesh Karthik,14,13,2,282,69,25.63,220,128.18,0,1,32,7
33,Robin Uthappa,14,13,3,264,45,26.4,209,126.31,0,0,27,10
34,Sunny Sohal,11,10,0,249,62,24.9,191,130.36,0,2,25,10
35,Manish Pandey,10,9,0,246,59,27.33,227,108.37,0,1,28,6
36,Johan Botha,10,9,4,230,67*,46,198,116.16,0,1,20,2
37,Tillakaratne Dilshan,10,10,2,226,59*,28.25,180,125.55,0,2,33,3
38,Bharat Chipli,14,13,5,207,61*,25.87,170,121.76,0,1,21,4
39,JP Duminy,10,10,0,205,55,20.5,174,117.81,0,1,9,8
40,Parthiv Patel,14,13,3,202,37*,20.2,183,110.38,0,0,25,2
41,James Hopes,10,8,3,196,55,39.2,158,124.05,0,2,22,3
42,Dan Christian,14,13,2,190,30,17.27,159,119.49,0,0,9,7
43,Saurabh Tiwary,16,13,5,187,42*,23.37,188,99.46,0,0,13,5
44,Dwaraka Ravi Teja,12,9,2,183,60,26.14,144,127.08,0,1,17,4
45,Ross Taylor,12,11,6,181,47*,36.2,152,119.07,0,0,11,7
46,Ashok Menaria,13,10,1,180,34,20,152,118.42,0,0,10,10
47,Naman Ojha,14,14,1,160,29,12.3,161,99.37,0,0,11,11
48,Irfan Pathan,14,12,4,150,44*,18.75,138,108.69,0,0,12,6
49,Kieron Pollard,16,13,3,146,28,14.6,133,109.77,0,0,12,6
50,Mayank Agarwal,8,7,0,141,41,20.14,120,117.5,0,0,16,4
51,Albie Morkel,15,13,7,138,30*,23,102,135.29,0,0,8,8
52,Eoin Morgan,12,9,0,137,66,15.22,117,117.09,0,1,17,3
53,Andrew Symonds,11,9,5,135,44*,33.75,138,97.82,0,0,9,3
54,Ajinkya Rahane,10,7,1,120,52,20,98,122.44,0,1,12,2
55,Aiden Blizzard,6,6,0,120,51,20,87,137.93,0,1,21,2
56,Mithun Manhas,10,10,0,114,35,11.4,123,92.68,0,0,8,4
57,Yogesh Nagar,11,10,3,111,23,15.85,100,111,0,0,6,6
58,James Franklin,8,5,3,107,45*,53.5,78,137.17,0,0,10,2
59,Ryan ten Doeschate,6,3,1,107,70*,53.5,73,146.57,0,1,9,5
60,Cameron White,6,6,2,104,31*,26,109,95.41,0,0,6,2
61,Harbhajan Singh,15,8,5,103,30,34.33,71,145.07,0,0,9,6
62,Davy Jacobs,6,6,0,92,32,15.33,88,104.54,0,0,10,4
63,Ryan McLaren,6,4,1,90,51*,30,96,93.75,0,1,7,1
64,Srikkanth Anirudha,9,5,1,83,64,20.75,74,112.16,0,1,6,3
65,Travis Birt,5,5,0,75,27,15,58,129.31,0,0,9,2
66,Michael Klinger,4,4,0,73,29,18.25,77,94.8,0,0,9,0
67,Manvinder Bisla,5,5,0,72,27,14.4,89,80.89,0,0,8,0
68,Wriddhiman Saha,7,3,2,68,46*,68,63,107.93,0,0,2,4
69,Amit Mishra,14,9,5,68,25*,17,49,138.77,0,0,9,1
70,Mohnish Mishra,6,5,1,67,37*,16.75,60,111.66,0,0,5,2
71,Tirumalasetti Suman,8,7,1,65,36,10.83,51,127.45,0,0,5,5
72,David Hussey,8,8,2,64,21*,10.66,63,101.58,0,0,3,3
73,Abhishek Nayar,10,9,2,61,17*,8.71,67,91.04,0,0,9,0
74,Abhishek Raut,7,4,1,60,25,20,58,103.44,0,0,5,1
75,Luke Pomersbach,5,4,0,51,29,12.75,39,130.76,0,0,4,2
76,Mitchell Marsh,5,3,1,50,37,25,49,102.04,0,0,2,3
77,Sourav Ganguly,4,3,1,50,32*,25,59,84.74,0,0,3,2
78,Vinay Kumar,13,7,1,50,18,8.33,47,106.38,0,0,4,1
79,Amit Paunikar,4,4,0,49,20,12.25,57,85.96,0,0,9,0
80,Callum Ferguson,5,4,2,48,16,24,54,88.88,0,0,6,0
81,Piyush Chawla,12,6,3,48,15,16,55,87.27,0,0,2,2
82,Mandeep Singh,6,5,1,47,15*,11.75,41,114.63,0,0,4,1
83,Aaron Finch,6,6,0,47,25,7.83,46,102.17,0,0,3,3
84,Raiphi Gomez,11,8,3,46,26*,9.2,50,92,0,0,4,1
85,VVS Laxman,3,3,0,44,36,14.66,42,104.76,0,0,3,2
86,Sunny Singh,6,5,1,43,20,10.75,31,138.7,0,0,6,1
87,Graeme Smith,4,4,0,42,24,10.5,51,82.35,0,0,6,0
88,Mohammad Kaif,8,4,1,41,15,13.66,33,124.24,0,0,5,0
89,Morne Morkel,11,5,3,40,16*,20,25,160,0,0,3,2
90,Stuart Binny,6,2,1,37,30,37,31,119.35,0,0,2,1
91,Wayne Parnell,8,5,2,37,16,12.33,39,94.87,0,0,2,1
92,Dale Steyn,12,5,1,36,13,9,35,102.85,0,0,3,0
93,Cheteshwar Pujara,7,3,0,34,25,11.33,31,109.67,0,0,4,0
94,Asad Pathan,6,5,1,33,14,8.25,16,206.25,0,0,5,2
95,Ryan Harris,13,7,2,31,17,6.2,39,79.48,0,0,3,0
96,Shreevats Goswami,5,4,0,29,22,7.25,29,100,0,0,5,0
97,Shakib Al Hasan,7,3,1,29,26,14.5,22,131.81,0,0,4,0
98,Ishank Jaggi,2,2,0,28,25,14,37,75.67,0,0,3,0
99,Abhimanyu Mithun,12,6,3,27,11,9,20,135,0,0,3,1
100,Praveen Kumar,13,7,4,27,15*,9,31,87.09,0,0,2,1
101,Owais Shah,3,2,0,26,23,13,15,173.33,0,0,1,2
102,Nathan McCullum,2,2,1,26,15,26,22,118.18,0,0,0,1
103,Rajat Bhatia,14,6,3,25,11,8.33,22,113.63,0,0,3,0
104,Rajagopal Sathish,9,3,1,25,18*,12.5,34,73.52,0,0,1,0
105,Rahul Sharma,14,5,2,24,13,8,21,114.28,0,0,1,2
106,Thisara Perera,4,2,0,23,22,11.5,27,85.18,0,0,4,0
107,Bipul Sharma,4,3,2,23,16*,23,18,127.77,0,0,1,0
108,Daniel Vettori,13,4,3,23,18*,23,28,82.14,0,0,1,1
109,Matthew Wade,3,3,0,22,11,7.33,33,66.66,0,0,0,0
110,Colin Ingram,3,3,1,21,13*,10.5,26,80.76,0,0,2,0
111,Zaheer Khan,15,2,0,21,21,10.5,24,87.5,0,0,2,0
112,Y Gnaneswara Rao,2,1,0,19,19,19,17,111.76,0,0,3,0
113,Faiz Fazal,2,2,0,19,16,9.5,19,100,0,0,3,0
114,Johan van der Wath,3,3,1,18,14*,9,16,112.5,0,0,1,1
115,Sachin Rana,2,1,0,18,18,18,16,112.5,0,0,2,0
116,Kedar Jadhav,6,4,1,18,12,6,23,78.26,0,0,1,0
117,Brad Haddin,1,1,0,18,18,18,11,163.63,0,0,2,1
118,Dishant Yagnik,7,4,3,16,10*,16,22,72.72,0,0,1,0
119,Iqbal Abdulla,15,2,2,15,12*,0,12,125,0,0,1,0
120,Syed Mohammad,5,2,2,15,13*,0,12,125,0,0,2,0
121,Roelof van der Merwe,4,4,4,14,8*,0,16,87.5,0,0,1,0
122,Harpreet Singh,2,2,1,14,13,14,20,70,0,0,0,0
123,Laxmi Ratan Shukla,1,1,0,14,14,14,10,140,0,0,2,0
124,Sreenath Aravind,13,2,2,13,11*,0,8,162.5,0,0,2,0
125,Balachandra Akhil,1,1,0,13,13,13,9,144.44,0,0,0,1
126,Murali Kartik,6,3,2,12,11,12,15,80,0,0,1,0
127,Dwayne Bravo,6,2,1,11,6*,11,6,183.33,0,0,1,1
128,Ramesh Powar,5,3,2,11,8*,11,13,84.61,0,0,0,0
129,Shane Warne,13,4,2,10,5*,5,20,50,0,0,1,0
130,Tim Paine,2,2,0,10,8,5,26,38.46,0,0,0,0
131,Abhishek Jhunjhunwala,3,2,0,10,10,5,18,55.55,0,0,2,0
132,Shaun Tait,4,2,1,10,10*,10,10,100,0,0,1,0
133,Swapnil Asnodkar,1,1,0,9,9,9,9,100,0,0,1,0
134,Siddharth Chitnis,1,1,0,9,9,9,9,100,0,0,1,0
135,Charl Langeveldt,3,1,0,8,8,8,8,100,0,0,0,1
136,Andrew McDonald,1,1,0,8,8,8,7,114.28,0,0,0,0
137,Lasith Malinga,16,4,1,8,7,2.66,9,88.88,0,0,0,1
138,Arun Karthik,3,2,0,7,6,3.5,8,87.5,0,0,1,0
139,Ishan Malhotra,1,1,1,7,7*,0,4,175,0,0,1,0
140,Ajit Agarkar,7,2,1,7,7*,7,6,116.66,0,0,1,0
141,Mark Boucher,4,3,2,6,5,6,6,100,0,0,0,0
142,Muttiah Muralitharan,5,1,1,5,5*,0,8,62.5,0,0,0,0
143,Brett Lee,12,4,1,5,2*,1.66,9,55.55,0,0,0,0
144,Scott Styris,2,1,1,5,5*,0,2,250,0,0,1,0
145,Pinal Shah,2,1,0,5,5,5,5,100,0,0,1,0
146,Ishant Sharma,12,5,5,4,1*,0,5,80,0,0,0,0
147,Lakshmipathy Balaji,14,2,2,4,3*,0,2,200,0,0,0,0
148,Shalabh Srivastava,6,2,2,4,3*,0,3,133.33,0,0,0,0
149,Sridharan Sriram,1,1,0,4,4,4,7,57.14,0,0,0,0
150,Ryan Ninan,2,1,0,3,3,3,6,50,0,0,0,0
1,Michael Hussey,17,17,3,733,95,52.35,566,129.5,0,6,81,17
2,Chris Gayle,16,16,4,708,175*,59,453,156.29,1,4,57,51
3,Virat Kohli,16,16,2,634,99,45.28,457,138.73,0,6,64,22
4,Suresh Raina,18,17,4,548,100*,42.15,365,150.13,1,4,50,18
5,Shane Watson,16,16,2,543,101,38.78,380,142.89,1,2,59,22
6,Rohit Sharma,19,19,5,538,79*,38.42,409,131.54,0,4,35,28
7,Dinesh Karthik,19,19,1,510,86,28.33,411,124.08,0,2,54,14
8,Ajinkya Rahane,18,18,4,488,68*,34.85,458,106.55,0,4,42,11
9,Rahul Dravid,18,17,1,471,65,29.43,425,110.82,0,4,64,5
10,MS Dhoni,18,16,5,461,67*,41.9,283,162.89,0,4,32,25
11,Aaron Finch,14,14,0,456,67,32.57,336,135.71,0,4,54,16
12,Robin Uthappa,16,16,0,434,75,27.12,371,116.98,0,2,42,12
13,Kieron Pollard,18,18,8,420,66*,42,281,149.46,0,3,27,29
14,Dwayne Smith,13,13,0,418,68,32.15,341,122.58,0,4,40,19
15,David Miller,12,12,5,418,101*,59.71,254,164.56,1,3,28,24
16,David Warner,16,16,3,410,77,31.53,323,126.93,0,4,41,14
17,Gautam Gambhir,16,16,0,406,60,25.37,343,118.36,0,4,51,5
18,AB de Villiers,14,14,4,360,64,36,219,164.38,0,2,34,15
19,Yusuf Pathan,16,16,5,332,72,30.18,240,138.33,0,1,30,14
20,Mahela Jayawardena,15,15,0,331,66,22.06,313,105.75,0,2,39,6
21,Murali Vijay,15,15,1,312,55,22.28,286,109.09,0,2,27,8
22,Jacques Kallis,16,16,1,311,41,20.73,322,96.58,0,0,35,3
23,Shikhar Dhawan,10,10,2,311,73*,38.87,253,122.92,0,3,37,5
24,Eoin Morgan,14,13,2,307,51,27.9,240,127.91,0,1,28,13
25,Shaun Marsh,8,8,0,300,77,37.5,249,120.48,0,3,39,4
26,Virender Sehwag,13,13,1,295,95*,24.58,233,126.6,0,1,41,6
27,Parthiv Patel,13,13,0,294,61,22.61,255,115.29,0,1,37,4
28,Adam Gilchrist,13,13,1,294,85*,24.5,229,128.38,0,1,41,6
29,Brad Hodge,17,14,7,293,54*,41.85,218,134.4,0,1,27,9
30,Stuart Binny,17,16,7,293,41*,32.55,199,147.23,0,0,25,12
31,Sachin Tendulkar,14,14,1,287,54,22.07,231,124.24,0,1,38,5
32,Ambati Rayudu,19,17,3,265,37,18.92,231,114.71,0,0,22,4
33,Mandeep Singh,16,14,1,260,77*,20,223,116.59,0,1,36,0
34,Manvinder Bisla,14,14,1,255,92,19.61,236,108.05,0,2,36,6
35,Hanuma Vihari,17,17,3,241,46,17.21,278,86.69,0,0,17,1
36,Yuvraj Singh,13,13,1,238,34,19.83,190,125.26,0,0,14,15
37,David Hussey,12,11,1,235,41,23.5,209,112.44,0,0,20,6
38,Thisara Perera,16,14,4,233,40,23.3,163,142.94,0,0,12,14
39,Cameron White,13,13,1,209,52,17.41,191,109.42,0,1,18,7
40,Sanju Samson,11,10,2,206,63,25.75,178,115.73,0,1,19,5
41,Ravindra Jadeja,18,14,6,201,38*,25.12,135,148.88,0,0,17,6
42,Azhar Mahmood,11,10,0,196,80,19.6,154,127.27,0,2,22,5
43,Ben Rohrer,8,8,2,193,64*,32.16,140,137.85,0,1,21,5
44,Darren Sammy,10,9,3,174,60,29,132,131.81,0,1,11,10
45,Angelo Mathews,11,10,3,172,40,24.57,139,123.74,0,0,5,10
46,Moises Henriques,10,9,5,165,44,41.25,125,132,0,0,20,3
47,Manan Vohra,12,10,2,161,43*,20.12,117,137.6,0,0,22,2
48,Steve Smith,7,7,3,159,41,39.75,132,120.45,0,0,15,4
49,Unmukt Chand,9,9,0,158,41,17.55,158,100,0,0,17,4
50,Kedar Jadhav,12,10,3,152,31,21.71,124,122.58,0,0,8,5
51,Manoj Tiwary,10,9,1,146,33,18.25,140,104.28,0,0,12,1
52,Irfan Pathan,15,13,5,142,24,17.75,152,93.42,0,0,9,3
53,Mitchell Marsh,9,8,1,140,38,20,106,132.07,0,0,6,10
54,Manish Pandey,7,7,1,136,66,22.66,137,99.27,0,1,11,3
55,Manpreet Juneja,7,7,0,125,49,17.85,128,97.65,0,0,11,1
56,Ashish Reddy,12,10,4,125,36*,20.83,89,140.44,0,0,8,5
57,Dishant Yagnik,12,9,1,125,34,15.62,96,130.2,0,0,17,2
58,Subramaniam Badrinath,18,8,1,124,34,17.71,121,102.47,0,0,11,0
59,Biplap Samantray,8,7,2,123,55,24.6,111,110.81,0,1,13,2
60,Aditya Tare,5,5,0,123,59,24.6,84,146.42,0,1,14,5
61,Dwayne Bravo,18,12,4,121,23*,15.12,106,114.15,0,0,11,3
62,Kumar Sangakkara,9,9,0,120,28,13.33,136,88.23,0,0,13,0
63,Harbhajan Singh,19,14,8,116,25*,19.33,79,146.83,0,0,12,5
64,Saurabh Tiwary,9,6,2,109,52,27.25,106,102.83,0,1,4,4
65,Rajagopal Sathish,9,8,3,109,27*,21.8,77,141.55,0,0,9,5
66,Gurkeerat Mann Singh,11,9,1,108,31,13.5,95,113.68,0,0,10,3
67,Luke Wright,6,6,1,106,44,21.2,60,176.66,0,0,16,3
68,Rajat Bhatia,15,10,4,99,26*,16.5,80,123.75,0,0,8,3
69,Cheteshwar Pujara,4,4,0,92,51,23,99,92.92,0,1,14,0
70,Akshath Reddy,7,7,0,91,27,13,101,90.09,0,0,9,0
71,Amit Mishra,17,8,2,89,30,14.83,96,92.7,0,0,9,0
72,Karn Sharma,13,7,3,85,39*,21.25,86,98.83,0,0,6,2
73,Ryan ten Doeschate,4,4,1,85,42,28.33,63,134.92,0,0,9,2
74,Tillakaratne Dilshan,5,5,0,76,33,15.2,93,81.72,0,0,12,0
75,Debabrata Das,10,6,1,75,23,15,74,101.35,0,0,5,5
76,Vinay Kumar,16,5,4,70,26*,70,44,159.09,0,0,6,3
77,Wriddhiman Saha,3,3,0,70,39,23.33,56,125,0,0,6,4
78,Mayank Agarwal,5,5,0,67,29,13.4,62,108.06,0,0,6,3
79,Abhishek Nayar,11,9,3,66,25*,11,73,90.41,0,0,5,0
80,Piyush Chawla,16,11,5,64,23,10.66,57,112.28,0,0,5,3
81,Ross Taylor,5,5,0,63,19,12.6,76,82.89,0,0,2,1
82,Luke Pomersbach,3,3,1,58,33*,29,59,98.3,0,0,5,1
83,Morne Morkel,10,6,1,57,23*,11.4,29,196.55,0,0,6,3
84,James Faulkner,16,9,4,57,19*,11.4,57,100,0,0,5,2
85,Dale Steyn,17,8,6,53,18*,26.5,36,147.22,0,0,5,2
86,Ricky Ponting,6,5,0,52,28,10.4,75,69.33,0,0,3,1
87,Bhuvneshwar Kumar,16,9,2,52,24*,7.42,71,73.23,0,0,3,1
88,Tirumalasetti Suman,7,5,0,52,23,10.4,58,89.65,0,0,8,0
89,Praveen Kumar,15,7,1,47,24,7.83,39,120.51,0,0,3,3
90,Albie Morkel,8,3,0,46,23,15.33,37,124.32,0,0,2,3
91,Manpreet Gony,8,5,1,45,42,11.25,25,180,0,0,4,3
92,Chidhambaram Gautam,3,3,1,44,30,22,34,129.41,0,0,4,1
93,Johan Botha,6,6,0,43,23,7.16,52,82.69,0,0,5,1
94,Arun Karthik,12,5,2,41,19*,13.66,38,107.89,0,0,3,1
95,Mitchell Johnson,17,6,2,39,11,9.75,36,108.33,0,0,2,2
96,Kevon Cooper,14,5,1,39,26,9.75,22,177.27,0,0,4,2
97,Umesh Yadav,16,8,7,38,12*,38,38,100,0,0,3,1
98,Ravi Rampaul,10,6,2,38,23*,9.5,37,102.7,0,0,3,1
99,Glenn Maxwell,3,3,1,36,23,18,27,133.33,0,0,1,4
100,Ravichandran Ashwin,18,5,1,35,11*,8.75,49,71.42,0,0,4,0
101,Kane Richardson,3,2,0,34,26,17,36,94.44,0,0,2,1
102,Owais Shah,2,2,0,25,24,12.5,23,108.69,0,0,2,0
103,Jeevan Mendis,3,3,0,23,12,7.66,27,85.18,0,0,0,0
104,Sumit Narwal,2,1,0,23,23,23,15,153.33,0,0,4,0
105,Roelof van der Merwe,3,2,0,22,14,11,25,88,0,0,2,0
106,Sunil Narine,16,6,3,21,13,7,19,110.52,0,0,0,2
107,Brett Lee,3,2,1,21,16*,21,12,175,0,0,1,2
108,Rishi Dhawan,6,4,1,21,14,7,21,100,0,0,3,0
109,KL Rahul,5,2,0,20,12,10,16,125,0,0,4,0
110,Abhinav Mukund,1,1,0,19,19,19,21,90.47,0,0,1,0
111,Bharat Chipli,1,1,0,16,16,16,18,88.88,0,0,1,1
112,Shahbaz Nadeem,12,6,1,14,6,2.8,27,51.85,0,0,1,0
113,Dwaraka Ravi Teja,2,2,1,14,10,14,17,82.35,0,0,0,0
114,Kushal Janith Perera,2,2,0,14,14,7,13,107.69,0,0,3,0
115,Chris Morris,16,6,4,14,7*,7,16,87.5,0,0,0,0
116,Mithun Manhas,3,2,2,13,11*,0,17,76.47,0,0,1,0
117,Ajit Agarkar,4,2,1,12,9*,12,16,75,0,0,0,0
118,Andre Russell,3,2,0,11,7,5.5,14,78.57,0,0,0,0
119,Rahul Sharma,11,6,2,11,10*,2.75,17,64.7,0,0,1,0
120,Syed Mohammad,4,2,0,10,9,5,13,76.92,0,0,1,0
121,Sachithra Senanayake,8,4,3,10,7*,10,17,58.82,0,0,0,0
122,Thalaivan Sargunam,1,1,0,10,10,10,17,58.82,0,0,0,0
123,Lakshmipathy Balaji,13,3,2,9,9*,9,10,90,0,0,1,0
124,Naman Ojha,2,2,1,9,9,9,10,90,0,0,1,0
125,Karun Nair,2,2,0,9,9,4.5,12,75,0,0,0,0
126,Lasith Malinga,17,6,2,9,7,2.25,18,50,0,0,1,0
127,Nathan Coulter-Nile,1,1,0,9,9,9,6,150,0,0,0,1
128,Ashok Dinda,13,5,3,9,6*,4.5,11,81.81,0,0,1,0
129,Iqbal Abdulla,5,2,2,8,6*,0,14,57.14,0,0,0,0
130,Marlon Samuels,2,2,0,8,5,4,18,44.44,0,0,1,0
131,Siddarth Kaul,6,2,2,7,7*,0,9,77.77,0,0,0,0
132,Udit Birla,2,1,0,7,7,7,14,50,0,0,1,0
133,Dan Christian,2,2,0,6,4,3,15,40,0,0,0,0
134,Quinton de Kock,3,3,0,6,4,2,15,40,0,0,1,0
135,Paul Valthaty,1,1,0,6,6,6,17,35.29,0,0,0,0
136,Brendon McCullum,1,1,0,6,6,6,7,85.71,0,0,1,0
137,Mohammad Shami,3,1,0,5,5,5,10,50,0,0,0,0
138,Dimitri Mascarenhas,1,1,1,5,5*,0,5,100,0,0,0,0
139,Ali Murtaza,3,1,0,5,5,5,4,125,0,0,1,0
140,Mahesh Rawat,2,2,1,5,5,5,11,45.45,0,0,0,0
141,Wayne Parnell,4,1,0,5,5,5,7,71.42,0,0,0,0
142,Parveez Rasool,2,2,1,5,4*,5,9,55.55,0,0,0,0
143,Paras Dogra,1,1,0,5,5,5,8,62.5,0,0,0,0
144,Ben Laughlin,2,2,1,4,4*,4,9,44.44,0,0,0,0
145,Pradeep Sangwan,2,1,1,4,4*,0,2,200,0,0,1,0
146,Ajit Chandila,8,1,1,4,4*,0,6,66.66,0,0,0,0
147,Raiphi Gomez,2,1,1,4,4*,0,1,400,0,0,1,0
148,Laxmi Ratan Shukla,4,2,0,3,2,1.5,12,25,0,0,0,0
149,Siddharth Trivedi,17,2,1,3,3,3,7,42.85,0,0,0,0
150,Ryan McLaren,2,2,0,3,2,1.5,6,50,0,0,0,0
1,David Warner,14,14,1,562,91,43.23,359,156.54,0,7,65,21
2,Lendl Simmons,13,13,1,540,71,45,441,122.44,0,6,56,21
3,Ajinkya Rahane,14,13,2,540,91*,49.09,413,130.75,0,4,53,13
4,AB de Villiers,16,14,3,513,133*,46.63,293,175.08,1,2,60,22
5,Virat Kohli,16,16,5,505,82*,45.9,386,130.82,0,3,35,23
6,Chris Gayle,14,14,2,491,117,40.91,333,147.44,1,2,39,38
7,Rohit Sharma,16,16,2,482,98*,34.42,333,144.74,0,3,41,21
8,Shreyas Iyer,14,14,1,439,83,33.76,342,128.36,0,4,41,21
9,Brendon McCullum,14,14,1,436,100*,33.53,280,155.71,1,2,51,23
10,Kieron Pollard,16,14,3,419,70,38.09,256,163.67,0,2,28,28
11,JP Duminy,14,13,3,414,78*,41.4,315,131.42,0,4,27,20
12,Dwayne Smith,16,16,0,399,62,24.93,335,119.1,0,2,52,16
13,Faf du Plessis,17,15,2,380,55,29.23,304,125,0,1,37,5
14,Suresh Raina,17,17,2,374,62,24.93,304,123.02,0,2,31,16
15,MS Dhoni,17,17,5,372,53,31,305,121.96,0,1,27,17
16,Robin Uthappa,13,13,1,364,80*,30.33,277,131.4,0,1,42,7
17,David Miller,13,13,2,357,89*,32.45,266,134.21,0,2,21,21
18,Shikhar Dhawan,14,14,1,353,54,27.15,286,123.42,0,3,45,6
19,Shane Watson,10,9,1,347,104*,43.37,257,135.01,1,1,37,14
20,Parthiv Patel,14,14,1,339,59,26.07,246,137.8,0,2,47,5
21,Gautam Gambhir,13,13,0,327,60,25.15,278,117.62,0,3,41,4
22,Andre Russell,13,11,2,326,66,36.22,169,192.89,0,3,35,19
23,Yusuf Pathan,13,12,5,312,52,44.57,231,135.06,0,1,29,12
24,Steve Smith,14,12,1,293,79*,26.63,221,132.57,0,2,33,3
25,Moises Henriques,9,9,2,287,74*,41,211,136.01,0,2,19,13
26,Ambati Rayudu,15,14,5,281,53*,31.22,193,145.59,0,1,18,16
27,George Bailey,13,13,2,259,61*,23.54,190,136.31,0,2,22,7
28,Murali Vijay,11,11,0,251,39,22.81,228,110.08,0,0,27,8
29,Wriddhiman Saha,14,13,0,249,42,19.15,197,126.39,0,0,16,10
30,Yuvraj Singh,14,13,0,248,57,19.07,210,118.09,0,2,23,10
31,Manish Pandey,13,12,1,225,40,20.45,184,122.28,0,0,22,7
32,Mayank Agarwal,10,10,1,213,68,23.66,177,120.33,0,2,23,7
33,Axar Patel,14,12,3,206,40*,22.88,174,118.39,0,0,13,8
34,Sanju Samson,14,11,1,204,76,20.4,163,125.15,0,1,16,8
35,Dwayne Bravo,17,14,5,195,62*,21.66,148,131.75,0,1,22,5
36,Kedar Jadhav,14,12,4,189,63*,23.62,140,135,0,1,16,7
37,Eoin Morgan,9,9,1,187,63,23.37,151,123.84,0,1,11,11
38,Karun Nair,14,12,1,181,61,16.45,145,124.82,0,1,18,5
39,Suryakumar Yadav,13,13,4,157,46*,17.44,113,138.93,0,0,12,8
40,Mandeep Singh,14,9,2,157,54*,22.42,100,157,0,1,17,6
41,Deepak Hooda,14,9,0,151,54,16.77,95,158.94,0,1,6,11
42,Ravi Bopara,9,8,3,145,41,29,120,120.83,0,0,6,6
43,Glenn Maxwell,11,11,0,145,43,13.18,112,129.46,0,0,13,8
44,Angelo Mathews,11,10,3,144,28,20.57,104,138.46,0,0,12,6
45,James Faulkner,13,11,3,144,46,18,109,132.11,0,0,12,5
46,KL Rahul,9,8,3,142,44*,28.4,126,112.69,0,0,8,5
47,Dinesh Karthik,16,11,0,141,28,12.81,117,120.51,0,0,15,4
48,Naman Ojha,14,11,1,137,28,13.7,121,113.22,0,0,12,4
49,Ravindra Jadeja,17,12,5,132,24,18.85,126,104.76,0,0,7,3
50,David Wiese,14,7,3,122,47*,30.5,86,141.86,0,0,12,4
51,Quinton de Kock,3,3,0,122,69,40.66,77,158.44,0,2,18,4
52,Harbhajan Singh,15,10,3,117,64,16.71,73,160.27,0,1,9,9
53,Pawan Negi,10,9,1,116,36,14.5,73,158.9,0,0,10,5
54,Corey Anderson,4,4,1,114,55*,38,97,117.52,0,2,11,6
55,Hardik Pandya,9,8,3,112,61*,22.4,62,180.64,0,1,9,8
56,Sarfaraz Khan,13,8,4,111,45*,27.75,71,156.33,0,0,12,2
57,Saurabh Tiwary,7,6,6,109,28*,0,78,139.74,0,0,9,5
58,Karn Sharma,14,9,3,104,32,17.33,85,122.35,0,0,3,6
59,Unmukt Chand,6,5,0,102,58,20.4,83,122.89,0,1,13,2
60,Virender Sehwag,8,8,0,99,47,12.37,84,117.85,0,0,12,3
61,Albie Morkel,4,3,2,86,73*,86,65,132.3,0,1,9,2
62,Manan Vohra,7,7,0,82,39,11.71,81,101.23,0,0,4,5
63,Shaun Marsh,4,4,0,81,65,20.25,58,139.65,0,1,7,3
64,Michael Hussey,4,4,0,77,56,19.25,70,110,0,1,5,3
65,Chris Morris,11,7,5,76,34*,38,46,165.21,0,0,3,5
66,Stuart Binny,13,8,4,74,20,18.5,66,112.12,0,0,7,1
67,Ashish Reddy,6,5,2,73,22*,24.33,46,158.69,0,0,3,5
68,Ryan ten Doeschate,6,5,2,61,38*,20.33,45,135.55,0,0,4,3
69,Manoj Tiwary,5,3,1,57,32,28.5,56,101.78,0,0,8,1
70,Piyush Chawla,13,8,4,54,22,13.5,47,114.89,0,0,5,2
71,Ravichandran Ashwin,14,6,3,52,23,17.33,32,162.5,0,0,6,1
72,Jagadeesha Suchith,13,6,5,48,34*,48,32,150,0,0,4,2
73,Hanuma Vihari,5,4,0,39,16,9.75,35,111.42,0,0,6,0
74,Manvinder Bisla,2,2,0,37,20,18.5,30,123.33,0,0,6,1
75,Shakib Al Hasan,4,3,0,36,23,12,27,133.33,0,0,5,0
76,Rishi Dhawan,5,5,3,36,25*,18,33,109.09,0,0,2,2
77,Gurkeerat Mann Singh,5,5,0,35,15,7,39,89.74,0,0,3,1
78,Kane Williamson,2,2,1,31,26*,31,27,114.81,0,0,1,1
79,Johan Botha,4,3,0,31,17,10.33,15,206.66,0,0,5,1
80,Mitchell Johnson,9,8,4,31,13*,7.75,36,86.11,0,0,1,1
81,Umesh Yadav,12,4,3,29,24*,29,14,207.14,0,0,5,1
82,Mohit Sharma,16,6,3,28,21*,9.33,18,155.55,0,0,1,2
83,Aaron Finch,3,3,1,23,10*,11.5,33,69.69,0,0,4,0
84,Nathan Coulter-Nile,11,5,1,20,6,5,18,111.11,0,0,2,1
85,Dale Steyn,6,3,2,20,19*,20,13,153.84,0,0,3,0
86,Iqbal Abdulla,5,2,0,20,20,10,18,111.11,0,0,4,0
87,Harshal Patel,15,7,2,19,9*,3.8,12,158.33,0,0,0,2
88,Anureet Singh,14,6,3,18,10,6,31,58.06,0,0,0,1
89,Bhuvneshwar Kumar,14,3,2,17,11*,17,10,170,0,0,2,1
90,Praveen Kumar,12,4,1,17,12,5.66,25,68,0,0,1,0
91,Sean Abbott,2,2,0,15,14,7.5,13,115.38,0,0,1,1
92,Aditya Tare,2,2,0,14,7,7,17,82.35,0,0,1,0
93,Rilee Rossouw,2,2,0,14,14,7,10,140,0,0,1,1
94,Darren Sammy,2,2,0,13,7,6.5,18,72.22,0,0,0,0
95,Mitchell McClenaghan,12,3,2,13,12*,13,6,216.66,0,0,0,2
96,Tim Southee,7,3,2,13,7*,13,9,144.44,0,0,1,0
97,Thisara Perera,2,2,0,12,9,6,15,80,0,0,0,1
98,Mitchell Starc,13,3,2,11,9*,11,14,78.57,0,0,1,0
99,Karanveer Singh,4,3,2,11,5*,11,16,68.75,0,0,1,0
100,Abu Nechim,3,3,2,10,5*,10,5,200,0,0,2,0
101,Sandeep Sharma,14,3,2,9,7,9,14,64.28,0,0,1,0
102,Amit Mishra,12,4,2,8,4,4,12,66.66,0,0,0,0
103,Ankit Sharma,4,2,1,7,7*,7,6,116.66,0,0,1,0
104,Brad Hogg,6,2,1,7,5,7,6,116.66,0,0,0,0
105,Shardul Thakur,1,1,1,7,7*,0,6,116.66,0,0,1,0
106,Lasith Malinga,15,1,1,6,6*,0,10,60,0,0,1,0
107,Varun Aaron,6,1,0,6,6,6,3,200,0,0,0,1
108,Azhar Mahmood,1,1,0,6,6,6,7,85.71,0,0,1,0
109,Imran Tahir,10,2,1,5,3*,5,6,83.33,0,0,0,0
110,Morne Morkel,7,1,1,4,4*,0,3,133.33,0,0,0,0
111,Chidhambaram Gautam,1,1,0,4,4,4,5,80,0,0,0,0
112,Nic Maddinson,1,1,0,4,4,4,7,57.14,0,0,1,0
113,Dhawal Kulkarni,11,2,0,4,3,2,11,36.36,0,0,0,0
114,Pravin Tambe,10,2,2,3,2*,0,5,60,0,0,0,0
115,Parveez Rasool,2,1,1,2,2*,0,2,100,0,0,0,0
116,Shahbaz Nadeem,4,1,0,2,2,2,7,28.57,0,0,0,0
117,Ronit More,2,1,1,2,2*,0,2,100,0,0,0,0
118,Domnic Joseph,6,2,1,1,1,1,3,33.33,0,0,0,0
119,Ashish Nehra,16,4,3,1,1*,1,7,14.28,0,0,0,0
120,Yuzvendra Chahal,15,2,2,1,1*,0,1,100,0,0,0,0
121,Shreyas Gopal,1,1,1,1,1*,0,1,100,0,0,0,0
122,Bipul Sharma,4,1,0,1,1,1,2,50,0,0,0,0
123,Juan Theron,1,1,1,1,1*,0,1,100,0,0,0,0
124,Beuran Hendricks,4,2,2,1,1*,0,2,50,0,0,0,0
125,Vinay Kumar,13,3,2,0,0*,0,2,0,0,0,0,0
126,Sunil Narine,8,1,1,0,0*,0,1,0,0,0,0,0
127,Pat Cummins,3,1,0,0,0*,0,2,0,0,0,0,0
128,Rajat Bhatia,2,1,0,0,0*,0,1,0,0,0,0,0
129,Sreenath Aravind,5,1,1,0,0*,0,1,0,0,0,0,0
